state,x,y
on,35.499590396088,36.10375172938864
on,35.49677961143918,36.10331768290135
on,35.493961918648836,36.102970709352945
on,35.49114504081706,36.10271175977381
on,35.48833669881018,36.10254154392674
on,35.48554459009844,36.10246052836155
on,35.48277636765774,36.10246893513626
on,35.48003961899337,36.10256674120849
on,35.47734184534319,36.102753678498594
on,35.47469044111726,36.10302923462446
on,35.472092673630264,36.103392654305885
on,35.46955566318232,36.1038429414348
on,35.467086363542705,36.10437886180548
on,35.46469154289011,36.104998946497425
on,35.46237776526147,36.10570149590162
on,35.460151372560446,36.10648458437896
on,35.45801846717467,36.10734606553837
on,35.45598489524954,36.10828357811988
on,35.45405623066437,36.109294552466665
on,35.45223775975472,36.1103762175683
on,35.45053446682295,36.111525608655946
on,35.44895102047659,36.11273957532851
on,35.447491760832015,36.11401479018774
on,35.44616068761848,36.115347757958325
on,35.44496144921514,36.11673482506828
on,35.443897332651105,36.11817218966305
on,35.442971254595896,36.11965591202621
on,35.44218575336511,36.12118192537788
on,35.44154298196301,36.12274604702155
on,35.44104470218134,36.12434398980851
on,35.44069227977033,36.12597137388864
on,35.44048668069533,36.12762373871531
on,35.4404284684891,36.129296555271374
on,35.44051780270726,36.130985238482936
on,35.44075443849093,36.13268515978669
on,35.44113772723786,36.134391659816494
on,35.44166661838025,36.136100061174396
on,35.44233966226424,36.137805681251024
on,35.44315501412333,36.13950384506029
on,35.44411043913473,36.14118989805324
on,35.44520331854492,36.14285921887582
on,35.44643065684738,36.14450723203568
on,35.44778908999315,36.14612942044331
on,35.44927489461139,36.14772133779303
on,35.450883998214934,36.149278620750046
on,35.452611990362634,36.15079700091002
on,35.45445413474813,36.15227231649847
on,35.456405382181714,36.15370052377791
on,35.45846038442979,36.15507770813147
on,35.46061350887404,36.156400094792566
on,35.46285885395003,36.15766405919127
on,35.46519026532298,36.158866136889024
on,35.46760135275637,36.16000303307442
on,35.470085507627125,36.16107163159403
on,35.472635921039426,36.162069003493585
on,35.47524560248739,36.16299241504605
on,35.47790739901556,36.16383933524454
on,35.48061401482467,36.16460744273965
on,35.48335803126892,36.16529463220214
on,35.48613192718998,36.165899020093455
on,35.48892809953194,36.16641894982839
on,35.49173888418076,36.16685299631568
on,35.49455657697111,36.167199969864086
on,35.49737345480288,36.16745891944322
on,35.50018179680976,36.16762913529029
on,35.5029739055215,36.167710150855484
on,35.5057421279622,36.16770174408077
on,35.50847887662657,36.16760393800854
on,35.51117665027675,36.16741700071844
on,35.51382805450268,36.16714144459257
on,35.51642582198968,36.166778024911146
on,35.51896283243762,36.16632773778223
on,35.52143213207724,36.16579181741155
on,35.523826952729834,36.16517173271961
on,35.52614073035847,36.16446918331541
on,35.528367123059496,36.16368609483807
on,35.530500028445275,36.16282461367866
on,35.5325336003704,36.16188710109715
on,35.53446226495557,36.16087612675037
on,35.53628073586522,36.15979446164873
on,35.53798402879699,36.158645070561086
on,35.53956747514335,36.15743110388852
on,35.54102673478793,36.15615588902929
on,35.54235780800146,36.154822921258706
on,35.5435570464048,36.15343585414875
on,35.54462116296884,36.15199848955398
on,35.545547241024046,36.15051476719082
on,35.54633274225483,36.14898875383915
on,35.54697551365693,36.14742463219548
on,35.547473793438606,36.14582668940852
on,35.54782621584961,36.14419930532839
on,35.54803181492461,36.142546940501724
on,35.54809002713084,36.14087412394566
on,35.54800069291268,36.139185440734096
on,35.547764057129015,36.13748551943034
on,35.547380768382084,36.13577901940054
on,35.54685187723969,36.134070618042635
on,35.546178833355704,36.13236499796601
on,35.545363481496615,36.13066683415674
on,35.54440805648521,36.12898078116379
on,35.54331517707502,36.12731146034121
on,35.54208783877256,36.12566344718135
on,35.54072940562679,36.12404125877372
on,35.53924360100855,36.122449341424
on,35.53763449740501,36.120892058466985
on,35.53590650525731,36.119373678307014
on,35.53406436087181,36.11789836271856
on,35.53211311343823,36.116470155439124
on,35.53005811119015,36.11509297108556
on,35.5279049867459,36.113770584424465
on,35.52565964166991,36.11250662002576
on,35.52332823029696,36.11130454232801
on,35.520917142863574,36.110167646142614
on,35.51843298799282,36.109099047623005
on,35.515882574580516,36.10810167572345
on,35.51327289313255,36.10717826417098
on,35.510611096604386,36.10633134397249
on,35.507904480795276,36.10556323647738
on,35.50516046435102,36.10487604701489
on,35.502386568429955,36.104271659123576
on,35.499590396088,36.10375172938864
off,35.12137898324779,36.47257288696942
off,35.10931124766401,36.47268863857405
off,35.097276762434895,36.47301579414443
off,35.08530851324795,36.47355345696989
off,35.0734393042423,36.474300153353994
off,35.06170166809481,36.47525383665385
off,35.05012777685028,36.47641189288983
off,35.03874935374012,36.477771147910275
off,35.02759758623118,36.47932787609167
off,35.01670304054305,36.48107781055027
off,35.00609557786818,36.48301615483736
off,34.99580427252446,36.485137596085984
off,34.98585733226448,36.487436319573135
off,34.976282020960106,36.489906024657515
off,34.96710458387405,36.49253994204916
off,34.95835017572344,36.49533085236359
off,34.95004279173251,36.4982711059096
off,34.94220520186334,36.501352643656624
off,34.93485888840497,36.50456701932388
off,34.92802398709197,36.50790542253109
off,34.921719231913734,36.51135870294711
off,34.915961903765975,36.51491739537037
off,34.910767783084964,36.51857174567228
off,34.906151106594436,36.52231173753269
off,34.902124528283764,36.52612711989386
off,34.89869908472421,36.530007435057954
off,34.895884164818455,36.53394204735081
off,34.89368748406632,36.537920172273644
off,34.89211506341705,36.54193090606255
off,34.89117121276634,36.54596325557498
off,34.89085851914323,36.550006168421234
off,34.89117783961919,36.5540485632582
off,34.892128298959,36.558079360162616
off,34.893707292019684,36.56208751100035
off,34.895910490891,36.566062029708554
off,34.89873185675799,36.56999202240772
off,34.902163656452935,36.57386671726102
off,34.9061964836514,36.577675493999195
off,34.91081928465435,36.58140791302995
off,34.91601938868557,36.58505374405216
off,34.921782542621365,36.58860299409641
off,34.92809295005739,36.592045934915035
off,34.93493331460549,36.59537312964657
off,34.9422848873019,36.598575458681516
off,34.95012751799688,36.601644144658586
off,34.95843971058481,36.60457077652282
off,34.9671986819236,36.6073473325797
off,34.976380424281615,36.609966202482084
off,34.98595977114128,36.61242020808959
off,34.995910466178714,36.61470262314343
off,35.00620523523046,36.616807191702584
off,35.016815861050155,36.61872814529093
off,35.02771326064994,36.620460218708196
off,35.03886756501499,36.62199866446155
off,35.05024820097237,36.62333926577811
off,35.06182397498998,36.624478348162846
off,35.073563158675846,36.625412789470126
off,35.08543357574348,36.626140028461286
off,35.097402690204795,36.626658071824785
off,35.10943769554902,36.62696549963979
off,35.12150560466305,36.627061469268014
off,35.133573340246826,36.62694571766338
off,35.14560782547594,36.626618562093
off,35.157576074662884,36.62608089926754
off,35.16944528366854,36.62533420288344
off,35.181182919816024,36.62438051958358
off,35.192756811060555,36.6232224633476
off,35.204135234170714,36.621863208327156
off,35.215287001679656,36.62030648014576
off,35.22618154736779,36.61855654568716
off,35.236789010042656,36.61661820140007
off,35.24708031538638,36.61449676015145
off,35.257027255646356,36.612198036664296
off,35.26660256695073,36.609728331579916
off,35.27578000403679,36.60709441418827
off,35.2845344121874,36.604303503873844
off,35.29284179617833,36.60136325032783
off,35.3006793860475,36.59828171258081
off,35.30802569950587,36.59506733691355
off,35.31486060081887,36.59172893370634
off,35.3211653559971,36.58827565329032
off,35.32692268414486,36.58471696086706
off,35.33211680482587,36.58106261056515
off,35.3367334813164,36.57732261870474
off,35.34076005962707,36.57350723634357
off,35.34418550318663,36.56962692117948
off,35.34700042309238,36.56569230888662
off,35.34919710384452,36.56171418396379
off,35.350769524493785,36.557703450174884
off,35.3517133751445,36.55367110066245
off,35.35202606876761,36.5496281878162
off,35.35170674829165,36.54558579297923
off,35.350756288951835,36.541554996074815
off,35.34917729589115,36.53754684523708
off,35.34697409701984,36.533572326528876
off,35.344152731152846,36.52964233382971
off,35.3407209314579,36.52576763897641
off,35.33668810425944,36.521958862238236
off,35.332065303256485,36.51822644320748
off,35.32686519922527,36.51458061218527
off,35.32110204528947,36.51103136214102
off,35.314791637853446,36.507588421322396
off,35.30795127330535,36.50426122659086
off,35.300599700608934,36.501058897555914
off,35.292757069913954,36.497990211578845
off,35.284444877326024,36.49506357971461
off,35.27568590598724,36.49228702365773
off,35.26650416362922,36.489668153755346
off,35.256924816769555,36.48721414814784
off,35.24697412173212,36.484931733094
off,35.236679352680376,36.48282716453485
off,35.22606872686068,36.4809062109465
off,35.2151713272609,36.479174137529235
off,35.20401702289585,36.47763569177588
off,35.19263638693847,36.476295090459324
off,35.18106061292086,36.475156008074585
off,35.16932142923499,36.474221566767305
off,35.15745101216736,36.473494327776145
off,35.14548189770604,36.472976284412645
off,35.13344689236182,36.47266885659764
off,35.12137898324779,36.47257288696942
edge,35.51453446729867,36.2809081585165
edge,35.49974476149177,36.278216302888644
edge,35.484941281653526,36.27581480456681
edge,35.470164603093195,36.27371024589096
edge,35.4554552276596,36.27190839531015
edge,35.440853472728364,36.270414191571575
edge,35.4263993606948,36.26923173018382
edge,35.412132509275295,36.268364252191354
edge,35.39809202291792,36.26781413529106
edge,35.38431638561984,36.26758288731513
edge,35.370843355445345,36.26767114209818
edge,35.35770986103365,36.26807865773999
edge,35.34495190038004,36.26880431726851
edge,35.33260444216788,36.26984613170142
edge,35.32070132992185,36.271201245497764
edge,35.309275189245255,36.272865944384826
edge,35.29835733839546,36.27483566553867
edge,35.28797770244277,36.277105010090516
edge,35.27816473124783,36.2796677579247
edge,35.268945321482605,36.282516884727535
edge,35.26034474290843,36.2856445812405
edge,35.25238656911335,36.28904227466485
edge,35.24509261289858,36.292700652159084
edge,35.238482866491104,36.29660968636478
edge,35.23257544674639,36.3007586628909
edge,35.227386545491335,36.30513620968117
edge,35.2229303851436,36.30973032818412
edge,35.21921917972896,36.314528426240265
edge,35.21626310140349,36.31951735259635
edge,35.21407025257241,36.324683432952
edge,35.21264664368194,36.33001250744006
edge,35.2119961767451,36.335489969437766
edge,35.212120634646546,36.34110080560253
edge,35.21301967625582,36.34682963702242
edge,35.214690837362355,36.35266076136872
edge,35.217129537429734,36.35857819593492
edge,35.22032909215058,36.36456572144418
edge,35.2242807317678,36.37060692650527
edge,35.22897362511188,36.376685252595045
edge,35.23439490928835,36.38278403944418
edge,35.24052972493413,36.38888657070185
edge,35.24736125694595,36.39497611975406
edge,35.25487078056942,36.40103599557013
edge,35.26303771272227,36.40704958845168
edge,35.271839668411154,36.41300041555861
edge,35.281252522087335,36.41887216608745
edge,35.29125047377317,36.42464874597816
edge,35.30180611977803,36.43031432202677
edge,35.312890527809934,36.435853365283144
edge,35.32447331627694,36.44125069361473
edge,35.33652273756096,36.446491513319735
edge,35.34900576503581,36.45156145967564
edge,35.361888183590864,36.456446636311874
edge,35.375134683412305,36.46113365329886
edge,35.38870895676487,36.46560966384881
edge,35.40257379750884,36.46986239952795
edge,35.41669120307948,36.47388020388337
edge,35.431022478649396,36.47765206439261
edge,35.44552834318841,36.4811676426482
edge,35.46016903713011,36.4844173026945
edge,35.47490443135006,36.48739213743921
edge,35.48969413715696,36.49008399306707
edge,35.5044976169952,36.492485491388905
edge,35.51927429555553,36.49459005006475
edge,35.53398367098913,36.49639190064556
edge,35.548585425920365,36.497886104384136
edge,35.563039537953934,36.49906856577189
edge,35.57730638937343,36.49993604376436
edge,35.59134687573081,36.50048616066465
edge,35.60512251302889,36.50071740864058
edge,35.618595543203384,36.50062915385753
edge,35.63172903761508,36.50022163821572
edge,35.64448699826869,36.4994959786872
edge,35.65683445648085,36.49845416425429
edge,35.668737568726876,36.49709905045795
edge,35.68016370940347,36.495434351570886
edge,35.69108156025327,36.493464630417044
edge,35.70146119620596,36.491195285865196
edge,35.7112741674009,36.48863253803101
edge,35.720493577166124,36.48578341122818
edge,35.7290941557403,36.482655714715214
edge,35.73705232953538,36.47925802129086
edge,35.74434628575015,36.47559964379663
edge,35.750956032157625,36.47169060959093
edge,35.75686345190234,36.46754163306481
edge,35.762052353157394,36.46316408627454
edge,35.76650851350513,36.45856996777159
edge,35.77021971891977,36.453771869715446
edge,35.77317579724524,36.44878294335936
edge,35.775368646076316,36.44361686300371
edge,35.776792254966786,36.43828778851565
edge,35.777442721903626,36.432810326517945
edge,35.77731826400218,36.42719949035318
edge,35.77641922239291,36.421470658933295
edge,35.774748061286374,36.415639534586994
edge,35.772309361218994,36.409722100020794
edge,35.76910980649815,36.40373457451153
edge,35.76515816688093,36.397693369450444
edge,35.76046527353685,36.391615043360666
edge,35.75504398936038,36.38551625651153
edge,35.7489091737146,36.37941372525386
edge,35.74207764170278,36.37332417620165
edge,35.73456811807931,36.36726430038558
edge,35.726401185926456,36.361250707504034
edge,35.717599230237575,36.355299880397105
edge,35.70818637656139,36.34942812986826
edge,35.69818842487556,36.34365154997755
edge,35.6876327788707,36.337985973928944
edge,35.676548370838795,36.33244693067257
edge,35.664965582371785,36.327049602340985
edge,35.65291616108777,36.321808782635976
edge,35.640433133612916,36.316738836280074
edge,35.627550715057865,36.31185365964384
edge,35.61430421523642,36.30716664265685
edge,35.600729941883856,36.3026906321069
edge,35.586865101139885,36.298437896427764
edge,35.57274769556925,36.29442009207234
edge,35.55841641999933,36.290648231563104
edge,35.54391055546032,36.28713265330751
edge,35.52926986151862,36.28388299326121
edge,35.51453446729867,36.2809081585165
